Model,Train Acc (%),Val Acc (%),Test Acc (%),F1 Score,Time (s)
TCN,90.15625,88.75,95.0,0.9492794486215539,98.78493905067444
XGBOOST,100.0,81.25,93.75,0.9371560350218887,7.024413824081421
RANDOM_FOREST,99.21875,83.75,91.25,0.9125,3.805534839630127
SVM,92.8125,87.5,90.0,0.9002814258911821,3.449928045272827
KNN,100.0,73.75,76.25,0.7447602109949671,3.323748826980591
